{
    "intrinsic": [
        631.65112,
        0.0,
        1042.45127,
        0.0,
        631.16614,
        847.332,
        0.0,
        0.0,
        1.0
    ],
    "distortion": [
        1.0,
        -0.03688,
        -0.00783,
        0.00217,
        -0.00079
    ],
    "reprojection_error": 0.08894
}